condition,mean_pagerank_learning,mean_pagerank_dmn,learning_efficiency_ratio
ADHD,0.010703381951347256,0.0109243265419664,0.9797749920994787
Anxiety,0.01084427897155623,0.010671561471994682,1.016184838555708
Depression,0.010785762151882879,0.010951672475650116,0.9848506861270623
Healthy,0.010917079894712292,0.010656302795281052,1.0244716300241319
